absolute	2
abundant	2
acute	2
ample	2
all-consuming	2
all-embracing	2
ardent	2
big	2
bottomless	2
boundless	2
burning	2
categorical	2
certain	2
clear	2
close	2
colossal	2
complete	2
consuming	2
consummate	2
considerable	2
damned	2
decided	2
deep	2
definite	2
definitive	2
downright	2
drastic	2
emphatic	2
enormous	2
endless	2
entire	2
excessive	2
extensive	2
extravagant	2
extreme	2
fanatical	2
fervent	2
fervid	2
fierce	2
firm	2
forceful	2
gigantic	2
great	2
greatest	2
grievous	2
heightened	2
high	2
highest	2
huge	2
humongous	2
illimitable	2
immense	2
incalculable	2
incontestable	2
incontrovertible	2
indisputable	2
infinite	2
inordinate	2
intense	2
intensified	2
intensive	2
keen	2
mammoth	2
marked	2
maximal	2
maximum	2
mighty	2
more	2
most	2
mungo	2
numerous	2
out-and-out	2
outright	2
perfect	2
plain	2
powerful	2
prodigious	2
profound	2
pronounced	2
pure	2
real	2
resounding	2
severe	2
sharp	2
sheer	2
simple	2
strict	2
strong	2
stupendous	2
supreme	2
sure	2
terrible	2
thorough	2
titanic	2
top	2
total	2
towering	2
tremendous	2
true	2
ultimate	2
unambiguous	2
unconditional	2
uncontestable	2
undeniable	2
undesputable	2
unending	2
unequivocal	2
unfathomable	2
unlimited	2
unmistakable	2
unqualified	2
unquestionable	2
utmost	2
utter	2
uttermost	2
vast	2
vehement	2
vigorous	2
violent	2
vivid	2
zealous	2
absolutely	2
absurdly	2
abundantly	2
acutely	2
all	2
altogether	2
amazingly	2
amply	2
ardently	2
astonishingly	2
awfully	2
categorically	2
certainly	2
clearly	2
completely	2
considerably	2
dearly	2
decidedly	2
deeply	2
definitely	2
definitively	2
downright	2
drastically	2
eminently	2
emphatically	2
endlessly	2
entirely	2
even	2
exaggeratedly	2
exceedingly	2
excessively	2
explicitly	2
expressly	2
extensively	2
extraordinarily	2
extravagantly	2
extremely	2
fanatically	2
fervently	2
fervidly	2
fiercely	2
firmly	2
forcefully	2
frankly	2
fully	2
greatly	2
highly	2
hugely	2
immensely	2
incredibly	2
indeed	2
indispensably	2
indisuptably	2
indubitably	2
infinitely	2
inordinately	2
intensely	2
irretrievably	2
just	2
keenly	2
largely	2
maximally	2
mightily	2
more	2
most	2
much	2
notably	2
noticeably	2
outright	2
outrightly	2
particularly	2
perfectly	2
plainly	2
positively	2
powerfully	2
pressingly	2
pretty	2
prodigiously	2
profoundly	2
purely	2
quite	2
really	2
remarkably	2
severely	2
sharply	2
simply	2
strikingly	2
strongly	2
stupendously	2
substantially	2
super	2
superlatively	2
supremely	2
surely	2
surpassingly	2
surprisingly	2
terribly	2
thoroughly	2
too	2
totally	2
tremendously	2
truely	2
ultimately	2
unambiguously	2
uncommonly	2
unconditionally	2
unbelievably	2
undeniably	2
undisputably	2
unequivocally	2
unnaturally	2
unquestionably	2
unusually	2
utterly	2
vastly	2
vehemently	2
vigorously	2
violently	2
vividly	2
very	2
wholly	2
wonderfully	2
zealously   2
